top,top_color,bottom,bottom_color,shoes,shoes_color,occasion,temperature,score
sweater,navy,jeans,white,boots,red,date,25,0.5535
shirt,red,jeans,blue,heels,olive,date,25,0.6342
sweater,beige,trousers,black,boots,brown,business,5,0.89
dress,burgundy,shorts,green,boots,gray,formal,20,0.633
sweater,pink,shorts,burgundy,loafers,gray,date,5,0.5136
t-shirt,blue,skirt,beige,sandals,black,sport,15,0.6677
tank-top,gray,leggings,black,sneakers,white,sport,25,0.95
polo,olive,leggings,pink,boots,black,formal,10,0.6588
t-shirt,blue,trousers,yellow,heels,yellow,casual,5,0.5831
blazer,olive,trousers,olive,sandals,white,formal,15,0.7736
dress,black,trousers,white,sneakers,beige,formal,20,0.8063
blouse,yellow,jeans,yellow,oxfords,white,formal,15,0.7943
sweater,burgundy,jeans,white,oxfords,red,business,25,0.5477
hoodie,blue,trousers,yellow,loafers,black,formal,5,0.6767
t-shirt,olive,jeans,yellow,sandals,gray,business,25,0.6465
tank-top,navy,skirt,navy,sneakers,beige,casual,15,0.8301
t-shirt,navy,jeans,gray,oxfords,blue,date,15,0.7675
hoodie,beige,leggings,beige,sandals,yellow,sport,5,0.6247
dress,beige,sweatpants,white,heels,green,sport,20,0.5576
sweater,brown,sweatpants,brown,sandals,pink,sport,30,0.4863
dress,blue,skirt,green,loafers,red,business,5,0.5647
blazer,pink,trousers,olive,heels,blue,party,30,0.6202
hoodie,gray,trousers,brown,heels,white,party,25,0.5435
dress,pink,leggings,green,heels,white,party,15,0.7854
dress,yellow,shorts,pink,sneakers,brown,business,5,0.3834
t-shirt,white,skirt,red,loafers,yellow,formal,5,0.5053
sweater,beige,jeans,burgundy,loafers,white,casual,25,0.6973
cardigan,pink,trousers,blue,loafers,beige,sport,20,0.5529
dress,green,sweatpants,white,oxfords,yellow,casual,30,0.5781
shirt,navy,jeans,red,boots,olive,business,15,0.7727
t-shirt,blue,leggings,red,oxfords,blue,formal,5,0.5318
polo,beige,skirt,brown,sneakers,beige,casual,15,0.842
polo,gray,jeans,olive,boots,white,party,20,0.7582
t-shirt,beige,leggings,pink,sandals,burgundy,business,20,0.5893
sweater,black,jeans,black,boots,black,business,35,0.03
t-shirt,navy,sweatpants,beige,sneakers,white,party,10,0.5325
hoodie,gray,leggings,beige,heels,olive,sport,20,0.6931
shirt,gray,trousers,black,boots,white,casual,25,0.7119
sweater,brown,sweatpants,burgundy,heels,burgundy,casual,15,0.5419
blouse,yellow,shorts,gray,boots,yellow,sport,10,0.5592
blazer,black,jeans,black,heels,black,party,18,0.9
blazer,brown,skirt,red,heels,yellow,business,25,0.7132
blouse,black,skirt,olive,boots,blue,formal,25,0.6485
dress,pink,sweatpants,olive,oxfords,yellow,sport,30,0.4279
tank-top,olive,skirt,red,oxfords,red,sport,5,0.4203
polo,navy,sweatpants,black,heels,olive,date,30,0.5644
dress,green,trousers,pink,oxfords,beige,sport,30,0.4054
hoodie,burgundy,skirt,beige,sandals,brown,formal,20,0.5262
dress,brown,trousers,burgundy,heels,white,business,5,0.738
cardigan,blue,leggings,brown,oxfords,beige,sport,10,0.6472
tank-top,beige,trousers,green,sneakers,black,party,5,0.5769
cardigan,blue,trousers,blue,boots,burgundy,date,15,0.7047
blazer,gray,trousers,beige,boots,green,party,10,0.7594
t-shirt,olive,shorts,gray,heels,olive,formal,25,0.619
blouse,pink,jeans,gray,boots,pink,party,15,0.7323
tank-top,olive,skirt,black,loafers,navy,party,10,0.6423
sweater,white,trousers,white,loafers,white,party,15,0.6045
cardigan,brown,trousers,beige,sandals,pink,casual,20,0.744
blazer,red,leggings,brown,sneakers,red,casual,25,0.5378
hoodie,beige,skirt,burgundy,oxfords,black,party,10,0.6436
shirt,white,trousers,black,heels,black,formal,20,0.96
blouse,olive,shorts,white,sneakers,navy,party,25,0.692
dress,navy,sweatpants,yellow,boots,green,casual,15,0.6692
blouse,black,skirt,navy,oxfords,green,date,5,0.6069
blouse,blue,sweatpants,white,sneakers,green,party,15,0.5965
t-shirt,brown,leggings,brown,sandals,yellow,party,25,0.5171
hoodie,green,jeans,black,loafers,brown,business,20,0.5983
sweater,black,leggings,burgundy,oxfords,gray,casual,5,0.8219
cardigan,beige,trousers,yellow,boots,olive,casual,25,0.5273
t-shirt,white,shorts,blue,sandals,brown,formal,25,0.05
blouse,burgundy,skirt,blue,boots,black,sport,5,0.4334
tank-top,navy,sweatpants,blue,sneakers,navy,business,25,0.3401
hoodie,black,trousers,black,loafers,beige,casual,20,0.7062
t-shirt,pink,sweatpants,olive,oxfords,white,formal,25,0.5119
t-shirt,black,trousers,olive,sandals,burgundy,business,30,0.7122
blouse,beige,leggings,white,sandals,red,formal,5,0.4691
cardigan,navy,skirt,pink,sandals,blue,party,15,0.6622
sweater,pink,jeans,white,loafers,blue,business,30,0.5833
blouse,white,skirt,green,sandals,burgundy,party,25,0.7532
cardigan,green,leggings,olive,sandals,green,date,30,0.5235
blazer,burgundy,jeans,gray,boots,blue,party,10,0.8168
shirt,burgundy,trousers,brown,sneakers,blue,casual,25,0.7026
sweater,green,jeans,pink,sandals,blue,formal,25,0.422
tank-top,blue,trousers,gray,sandals,brown,business,20,0.6651
shirt,black,trousers,brown,heels,red,formal,20,0.9132
shirt,burgundy,shorts,brown,boots,yellow,casual,20,0.7774
sweater,green,jeans,navy,sandals,gray,sport,25,0.4451
cardigan,gray,sweatpants,red,boots,green,date,5,0.657
polo,gray,sweatpants,gray,boots,yellow,business,5,0.5625
blazer,navy,trousers,gray,oxfords,black,business,18,0.95
hoodie,pink,leggings,yellow,loafers,navy,formal,20,0.5187
hoodie,white,jeans,pink,loafers,blue,casual,30,0.7054
dress,burgundy,jeans,blue,loafers,blue,formal,30,0.6142
tank-top,olive,leggings,burgundy,sandals,white,date,30,0.6229
sweater,gray,skirt,blue,boots,olive,casual,10,0.7362
t-shirt,blue,jeans,olive,oxfords,red,sport,30,0.5008
sweater,yellow,trousers,beige,oxfords,red,party,25,0.4602
t-shirt,beige,skirt,blue,boots,black,sport,10,0.5956
t-shirt,blue,trousers,yellow,boots,navy,casual,30,0.6364
polo,red,trousers,white,sneakers,blue,party,10,0.6385
blazer,black,skirt,yellow,sneakers,navy,business,10,0.6884
dress,navy,skirt,navy,sneakers,beige,casual,20,0.8096
hoodie,burgundy,leggings,gray,loafers,blue,sport,25,0.5942
cardigan,brown,leggings,navy,sneakers,brown,casual,5,0.7803
tank-top,green,jeans,blue,heels,beige,sport,25,0.5751
t-shirt,beige,skirt,green,boots,gray,party,15,0.7103
blouse,navy,trousers,blue,loafers,pink,party,20,0.7043
shirt,red,leggings,red,sandals,blue,party,15,0.594
tank-top,navy,jeans,green,boots,pink,formal,15,0.5982
blouse,olive,trousers,black,oxfords,olive,date,20,0.801
polo,beige,jeans,burgundy,loafers,brown,casual,5,0.777
dress,blue,trousers,green,oxfords,green,date,15,0.7475
hoodie,olive,sweatpants,blue,sneakers,beige,casual,20,0.7236
blazer,black,sweatpants,yellow,boots,olive,date,10,0.6451
sweater,black,skirt,red,boots,brown,casual,20,0.7215
blouse,white,trousers,white,sandals,white,business,35,0.8
hoodie,blue,leggings,pink,heels,pink,sport,20,0.5979
shirt,navy,skirt,green,sandals,brown,sport,25,0.5893
t-shirt,yellow,shorts,olive,loafers,green,business,10,0.4616
polo,green,skirt,olive,boots,olive,date,20,0.721
cardigan,burgundy,shorts,black,loafers,black,date,10,0.6094
shirt,gray,skirt,yellow,sandals,black,sport,25,0.5958
cardigan,green,sweatpants,gray,sandals,green,casual,30,0.5921
blouse,beige,jeans,yellow,loafers,blue,date,25,0.6401
t-shirt,white,jeans,gray,heels,brown,casual,25,0.7606
sweater,burgundy,leggings,burgundy,heels,red,business,10,0.66
tank-top,yellow,sweatpants,pink,loafers,navy,business,30,0.4406
polo,gray,skirt,blue,loafers,green,sport,30,0.6085
blazer,red,jeans,pink,heels,burgundy,business,10,0.7591
sweater,burgundy,shorts,red,boots,blue,party,15,0.5739
shirt,yellow,shorts,brown,sandals,yellow,business,5,0.3741
blazer,green,leggings,olive,loafers,blue,party,25,0.4663
cardigan,blue,trousers,white,boots,red,business,10,0.8329
blazer,yellow,shorts,burgundy,sneakers,brown,date,25,0.5608
tank-top,yellow,sweatpants,burgundy,oxfords,yellow,casual,10,0.5645
tank-top,beige,trousers,yellow,boots,pink,date,25,0.5798
shirt,navy,trousers,navy,sandals,black,formal,10,0.6364
dress,black,jeans,none,heels,black,date,20,0.94
cardigan,black,trousers,olive,heels,yellow,formal,30,0.6747
tank-top,blue,skirt,burgundy,sandals,blue,formal,15,0.5494
blazer,yellow,sweatpants,burgundy,sandals,red,formal,25,0.4558
shirt,white,skirt,pink,sandals,black,casual,5,0.6745
tank-top,black,shorts,olive,boots,burgundy,date,20,0.6284
t-shirt,green,sweatpants,brown,boots,yellow,date,15,0.5631
blouse,black,leggings,white,heels,beige,sport,5,0.5883
hoodie,red,sweatpants,burgundy,loafers,brown,date,20,0.4212
hoodie,pink,shorts,blue,sneakers,pink,formal,25,0.2873
tank-top,navy,shorts,navy,heels,blue,date,30,0.6606
tank-top,navy,shorts,beige,sandals,gray,casual,30,0.8958
blazer,yellow,jeans,white,sneakers,yellow,sport,20,0.6695
cardigan,green,sweatpants,brown,boots,navy,date,25,0.3837
blazer,pink,skirt,beige,oxfords,olive,date,5,0.6898
hoodie,burgundy,shorts,blue,boots,white,date,10,0.5643
hoodie,beige,trousers,burgundy,oxfords,burgundy,date,30,0.5263
dress,navy,leggings,pink,sneakers,navy,party,10,0.6243
cardigan,pink,shorts,olive,oxfords,olive,date,20,0.6093
hoodie,gray,jeans,black,sneakers,white,casual,15,0.91
cardigan,pink,jeans,green,loafers,yellow,casual,25,0.6247
blazer,beige,skirt,black,boots,red,business,20,0.7902
t-shirt,olive,jeans,red,heels,yellow,business,10,0.604
polo,white,sweatpants,beige,sandals,white,formal,10,0.4259
sweater,navy,trousers,red,sneakers,navy,casual,30,0.6609
hoodie,green,leggings,navy,loafers,black,date,10,0.6262
cardigan,green,jeans,black,boots,gray,formal,20,0.6217
blouse,red,skirt,green,heels,red,casual,5,0.4464
blazer,olive,skirt,olive,oxfords,burgundy,casual,10,0.6138
sweater,black,jeans,black,boots,black,casual,30,0.08
cardigan,brown,leggings,red,sneakers,olive,formal,30,0.3868
dress,olive,jeans,burgundy,sandals,gray,sport,25,0.5094
hoodie,red,skirt,blue,loafers,beige,party,10,0.6065
sweater,blue,jeans,burgundy,sandals,olive,formal,30,0.4411
sweater,blue,jeans,yellow,boots,brown,formal,30,0.3759
sweater,brown,shorts,pink,loafers,yellow,formal,20,0.5718
tank-top,white,sweatpants,brown,loafers,red,formal,5,0.3954
hoodie,gray,jeans,gray,sandals,black,casual,5,0.7805
blazer,pink,shorts,navy,loafers,pink,business,30,0.6036
t-shirt,gray,shorts,navy,sneakers,burgundy,party,10,0.5221
polo,pink,shorts,red,sneakers,beige,sport,20,0.8141
t-shirt,black,skirt,navy,boots,burgundy,business,15,0.7186
blouse,gray,trousers,burgundy,loafers,beige,formal,30,0.7936
dress,brown,leggings,green,oxfords,burgundy,business,5,0.6154
dress,navy,leggings,burgundy,sneakers,beige,date,25,0.6553
tank-top,brown,jeans,red,loafers,white,date,30,0.6354
cardigan,white,shorts,yellow,oxfords,red,business,25,0.5494
blazer,black,jeans,red,sneakers,blue,casual,15,0.7835
blazer,red,trousers,olive,boots,brown,date,25,0.5669
tank-top,beige,trousers,yellow,sandals,navy,party,15,0.7053
sweater,white,sweatpants,gray,loafers,blue,casual,15,0.7356
dress,burgundy,jeans,none,heels,black,date,18,0.95
blouse,white,shorts,green,oxfords,navy,date,30,0.7014
polo,gray,leggings,red,loafers,green,formal,15,0.6172
blouse,gray,jeans,navy,boots,gray,date,10,0.8143
cardigan,yellow,trousers,olive,boots,blue,business,15,0.7242
sweater,beige,sweatpants,pink,boots,green,formal,25,0.2822
shirt,blue,shorts,yellow,boots,beige,party,15,0.6281
shirt,yellow,jeans,gray,boots,green,party,25,0.5361
blouse,blue,sweatpants,navy,sneakers,green,party,15,0.5758
tank-top,burgundy,shorts,burgundy,sneakers,yellow,business,15,0.468
sweater,gray,trousers,brown,loafers,navy,casual,20,0.758
polo,pink,leggings,black,loafers,gray,party,25,0.5525
t-shirt,red,leggings,pink,oxfords,white,casual,5,0.6854
blouse,blue,skirt,white,sandals,beige,casual,30,0.93
tank-top,gray,leggings,beige,heels,blue,casual,5,0.5795
blouse,red,sweatpants,black,loafers,pink,formal,20,0.6201
cardigan,pink,skirt,red,boots,gray,date,25,0.5952
dress,gray,shorts,gray,loafers,burgundy,sport,15,0.7001
hoodie,gray,leggings,pink,sandals,gray,sport,30,0.6059
tank-top,yellow,jeans,brown,sneakers,black,business,30,0.504
blouse,green,jeans,burgundy,oxfords,beige,casual,25,0.674
tank-top,blue,leggings,gray,heels,black,party,10,0.603
blouse,olive,shorts,beige,boots,black,date,5,0.5918
blazer,yellow,jeans,yellow,heels,burgundy,sport,10,0.4578
blouse,olive,sweatpants,beige,oxfords,burgundy,party,25,0.4774
dress,navy,sweatpants,green,boots,green,date,5,0.6101
blazer,gray,skirt,blue,boots,olive,casual,20,0.6757
blazer,red,sweatpants,beige,sandals,navy,casual,10,0.6015
shirt,pink,trousers,pink,sandals,white,casual,25,0.7615
tank-top,gray,skirt,gray,boots,beige,business,5,0.5171
tank-top,gray,shorts,black,sneakers,gray,sport,28,0.96
t-shirt,olive,trousers,navy,heels,red,party,15,0.7853
sweater,pink,shorts,yellow,oxfords,olive,formal,30,0.5349
cardigan,brown,trousers,red,sneakers,burgundy,sport,30,0.515
dress,olive,leggings,white,heels,pink,party,15,0.7696
dress,navy,trousers,olive,oxfords,burgundy,business,30,0.7571
polo,gray,sweatpants,pink,sneakers,green,party,10,0.4914
tank-top,navy,shorts,white,sneakers,brown,formal,15,0.5275
dress,red,jeans,none,heels,black,party,20,0.94
tank-top,red,sweatpants,blue,loafers,burgundy,party,5,0.3973
hoodie,burgundy,leggings,red,sandals,red,casual,15,0.6801
blouse,green,jeans,gray,loafers,black,sport,30,0.5331
blouse,yellow,skirt,black,sneakers,pink,formal,15,0.7452
t-shirt,blue,shorts,navy,loafers,pink,sport,20,0.8204
blouse,white,trousers,burgundy,loafers,green,date,25,0.6759
dress,pink,skirt,pink,sneakers,blue,sport,15,0.632
dress,yellow,skirt,yellow,oxfords,navy,casual,25,0.6546
blazer,gray,sweatpants,yellow,boots,brown,casual,20,0.5896
tank-top,red,shorts,navy,loafers,brown,business,15,0.5969
tank-top,white,sweatpants,green,oxfords,gray,sport,20,0.633
cardigan,black,leggings,olive,heels,navy,casual,30,0.5245
shirt,beige,trousers,red,oxfords,olive,sport,30,0.4078
sweater,brown,trousers,beige,loafers,gray,date,15,0.6806
shirt,white,sweatpants,navy,loafers,brown,date,20,0.6305
cardigan,pink,sweatpants,yellow,loafers,beige,business,25,0.4067
cardigan,burgundy,leggings,blue,loafers,burgundy,business,25,0.4978
dress,yellow,jeans,blue,oxfords,brown,formal,20,0.7763
shirt,white,sweatpants,navy,oxfords,white,sport,10,0.6229
dress,black,leggings,beige,heels,burgundy,business,5,0.6431
dress,olive,skirt,black,loafers,pink,sport,20,0.6011
t-shirt,navy,shorts,white,heels,burgundy,formal,20,0.6637
dress,blue,trousers,beige,sneakers,beige,business,30,0.7234
blouse,brown,shorts,gray,oxfords,pink,business,15,0.7229
sweater,navy,leggings,burgundy,sandals,brown,date,20,0.6066
dress,red,skirt,black,oxfords,olive,sport,5,0.3348
cardigan,green,shorts,red,sneakers,brown,party,15,0.5852
polo,blue,sweatpants,burgundy,boots,pink,party,5,0.572
sweater,yellow,jeans,yellow,loafers,burgundy,formal,15,0.593
cardigan,olive,leggings,olive,oxfords,gray,business,10,0.7329
sweater,green,leggings,yellow,oxfords,blue,business,15,0.6185
dress,green,shorts,gray,oxfords,gray,formal,25,0.6698
cardigan,pink,trousers,yellow,oxfords,olive,sport,15,0.489
blazer,blue,skirt,olive,sneakers,pink,date,10,0.6699
shirt,blue,shorts,blue,sneakers,olive,formal,20,0.5755
polo,pink,jeans,white,heels,navy,date,25,0.7495
dress,yellow,skirt,pink,sandals,green,party,5,0.5348
shirt,olive,shorts,blue,oxfords,brown,casual,20,0.7932
tank-top,gray,skirt,beige,boots,white,business,25,0.6134
tank-top,white,jeans,white,heels,burgundy,business,15,0.6533
hoodie,olive,skirt,red,sandals,burgundy,casual,30,0.7136
blouse,gray,trousers,green,oxfords,black,casual,25,0.6213
hoodie,green,sweatpants,burgundy,sandals,red,business,25,0.3032
blouse,yellow,sweatpants,white,sneakers,olive,casual,20,0.7623
t-shirt,pink,skirt,beige,oxfords,olive,business,25,0.6925
sweater,olive,trousers,navy,sneakers,white,casual,10,0.8525
blouse,white,leggings,navy,loafers,yellow,business,20,0.7454
tank-top,navy,shorts,blue,heels,green,sport,5,0.439
blouse,yellow,shorts,yellow,sneakers,gray,party,15,0.6576
shirt,olive,sweatpants,green,boots,gray,business,15,0.5533
dress,yellow,shorts,yellow,heels,burgundy,party,5,0.4864
blazer,navy,shorts,blue,heels,yellow,casual,15,0.6732
shirt,white,sweatpants,brown,sneakers,black,casual,10,0.8637
blouse,beige,skirt,gray,sneakers,green,casual,25,0.7562
cardigan,black,jeans,yellow,sandals,olive,formal,10,0.5154
blouse,white,skirt,black,oxfords,red,party,10,0.7671
shirt,pink,sweatpants,burgundy,sneakers,gray,sport,30,0.611
polo,pink,jeans,red,oxfords,navy,party,10,0.6506
dress,red,sweatpants,olive,oxfords,navy,formal,20,0.6837
blouse,burgundy,skirt,olive,oxfords,green,party,30,0.6943
cardigan,gray,skirt,yellow,heels,navy,sport,30,0.4066
dress,gray,skirt,white,boots,burgundy,formal,20,0.7974
blouse,gray,skirt,brown,sandals,yellow,sport,20,0.5719
sweater,beige,jeans,green,boots,blue,sport,5,0.631
t-shirt,red,jeans,green,sneakers,blue,date,25,0.6234
blouse,white,trousers,pink,oxfords,olive,date,20,0.7941
blouse,white,trousers,navy,heels,nude,date,16,0.93
blazer,red,shorts,black,heels,pink,casual,30,0.5793
dress,yellow,leggings,blue,loafers,olive,business,30,0.6276
sweater,brown,leggings,yellow,boots,black,date,20,0.6295
dress,red,jeans,burgundy,sandals,gray,sport,20,0.5551
shirt,blue,trousers,green,sneakers,beige,date,20,0.7349
polo,gray,sweatpants,navy,boots,red,date,5,0.6326
blazer,red,trousers,navy,sneakers,brown,sport,30,0.46
blouse,brown,trousers,brown,boots,yellow,business,20,0.7718
blouse,gray,skirt,white,boots,brown,date,25,0.7393
blazer,gray,sweatpants,yellow,oxfords,black,date,25,0.4614
tank-top,red,skirt,pink,heels,pink,sport,20,0.5898
polo,gray,sweatpants,black,sneakers,yellow,casual,10,0.8
t-shirt,yellow,jeans,beige,loafers,yellow,date,20,0.7078
tank-top,white,sweatpants,burgundy,sneakers,yellow,casual,25,0.705
blouse,navy,leggings,beige,heels,black,formal,30,0.6658
polo,pink,jeans,yellow,heels,blue,sport,5,0.4505
t-shirt,red,jeans,beige,oxfords,yellow,party,25,0.5776
tank-top,white,shorts,blue,sandals,white,casual,12,0.15
dress,navy,skirt,yellow,sandals,burgundy,sport,30,0.5782
blazer,navy,sweatpants,brown,oxfords,pink,party,15,0.5354
cardigan,olive,shorts,burgundy,boots,olive,formal,5,0.5131
cardigan,blue,trousers,red,boots,beige,sport,30,0.3162
sweater,navy,sweatpants,brown,loafers,white,casual,25,0.6028
sweater,blue,leggings,beige,sneakers,red,business,25,0.3948
dress,pink,jeans,pink,heels,yellow,date,20,0.8052
t-shirt,yellow,jeans,burgundy,heels,black,business,20,0.7554
t-shirt,blue,shorts,navy,heels,blue,date,20,0.683
polo,black,trousers,yellow,oxfords,beige,formal,10,0.7855
dress,green,jeans,red,oxfords,red,party,10,0.7066
sweater,gray,leggings,blue,sneakers,white,business,15,0.6103
hoodie,navy,jeans,white,heels,olive,formal,15,0.626
tank-top,blue,jeans,black,boots,navy,casual,25,0.6962
shirt,brown,skirt,olive,sneakers,green,business,10,0.6772
dress,olive,shorts,yellow,sandals,white,date,30,0.784
blazer,olive,leggings,red,sandals,burgundy,casual,10,0.5845
shirt,green,shorts,olive,boots,blue,sport,5,0.5505
tank-top,red,leggings,yellow,heels,navy,formal,10,0.5159
shirt,pink,leggings,brown,loafers,green,date,25,0.5561
shirt,black,skirt,black,oxfords,burgundy,formal,15,0.8568
polo,blue,jeans,olive,heels,yellow,casual,15,0.7649
blazer,brown,skirt,black,loafers,olive,party,25,0.6744
polo,white,shorts,pink,oxfords,red,casual,20,0.752
sweater,black,shorts,green,heels,olive,formal,20,0.594
sweater,beige,leggings,olive,oxfords,white,party,10,0.6801
cardigan,white,skirt,blue,oxfords,burgundy,date,10,0.7521
shirt,red,shorts,yellow,loafers,burgundy,formal,5,0.5071
shirt,white,sweatpants,beige,heels,gray,casual,10,0.7133
t-shirt,olive,shorts,khaki,sneakers,gray,sport,25,0.94
hoodie,yellow,trousers,olive,sandals,red,date,25,0.5152
cardigan,pink,trousers,green,boots,black,party,20,0.6362
t-shirt,gray,trousers,black,sneakers,pink,business,5,0.617
blazer,black,shorts,black,sandals,yellow,date,20,0.6696
blouse,white,skirt,white,heels,brown,sport,15,0.5007
polo,burgundy,sweatpants,black,heels,beige,casual,5,0.6532
cardigan,burgundy,skirt,black,sneakers,blue,formal,25,0.5852
blouse,olive,skirt,white,boots,yellow,sport,10,0.4854
shirt,white,skirt,white,heels,pink,party,20,0.8575
blouse,burgundy,shorts,white,sneakers,beige,business,25,0.6684
cardigan,black,shorts,burgundy,sneakers,brown,date,30,0.6023
hoodie,black,shorts,red,loafers,burgundy,date,20,0.5544
blouse,brown,trousers,green,boots,navy,sport,10,0.5264
sweater,black,leggings,olive,loafers,pink,formal,25,0.4529
t-shirt,yellow,jeans,red,sneakers,green,casual,20,0.3
sweater,gray,jeans,black,boots,black,party,28,0.14
blouse,beige,sweatpants,burgundy,sneakers,beige,party,5,0.5238
shirt,pink,trousers,orange,heels,purple,business,18,0.12
blouse,green,jeans,green,loafers,yellow,date,15,0.7266
blouse,gray,trousers,burgundy,boots,gray,sport,30,0.412
polo,blue,trousers,pink,loafers,navy,date,30,0.6002
dress,blue,shorts,burgundy,sneakers,blue,date,5,0.4797
blazer,beige,shorts,blue,sandals,green,business,20,0.6434
hoodie,red,sweatpants,burgundy,sandals,yellow,casual,30,0.5654
t-shirt,white,jeans,white,oxfords,olive,date,25,0.6459
sweater,burgundy,sweatpants,green,sandals,pink,sport,10,0.5357
dress,pink,skirt,brown,sneakers,red,date,15,0.8027
hoodie,burgundy,shorts,white,oxfords,red,formal,15,0.5235
hoodie,gray,sweatpants,gray,sneakers,white,date,16,0.1
sweater,yellow,leggings,navy,loafers,beige,party,30,0.4352
dress,burgundy,trousers,green,heels,pink,casual,25,0.5887
hoodie,yellow,jeans,navy,boots,black,casual,5,0.8462
blazer,pink,leggings,navy,sandals,gray,party,20,0.6565
sweater,pink,trousers,white,sandals,green,party,5,0.5864
blouse,navy,trousers,red,oxfords,navy,casual,30,0.5719
tank-top,brown,trousers,red,heels,beige,business,10,0.6009
dress,burgundy,skirt,olive,sandals,blue,party,5,0.5101
cardigan,white,jeans,burgundy,boots,black,sport,20,0.5953
cardigan,gray,jeans,white,heels,navy,party,30,0.6514
t-shirt,navy,leggings,pink,boots,black,formal,20,0.5516
sweater,red,sweatpants,olive,sandals,green,date,5,0.5186
shirt,red,shorts,burgundy,loafers,black,business,30,0.7141
blouse,olive,skirt,white,sandals,red,business,20,0.7215
hoodie,brown,shorts,red,heels,yellow,date,10,0.1
t-shirt,red,skirt,burgundy,sandals,green,formal,15,0.5851
cardigan,green,skirt,burgundy,sandals,beige,formal,15,0.6437
blouse,olive,leggings,black,heels,black,party,10,0.6844
polo,white,trousers,olive,oxfords,yellow,party,5,0.6208
shirt,red,jeans,olive,oxfords,burgundy,formal,5,0.7113
polo,red,skirt,white,oxfords,gray,sport,10,0.5353
hoodie,yellow,shorts,beige,heels,black,party,5,0.4868
t-shirt,red,skirt,gray,sandals,gray,business,5,0.4224
blouse,black,skirt,black,heels,black,party,28,0.9
polo,pink,sweatpants,blue,heels,beige,business,10,0.5602
polo,navy,leggings,beige,boots,black,date,5,0.7079
t-shirt,navy,skirt,red,loafers,green,date,10,0.5939
t-shirt,pink,sweatpants,pink,heels,blue,party,30,0.5194
cardigan,black,jeans,red,loafers,black,formal,25,0.5523
hoodie,olive,jeans,black,sneakers,white,casual,12,0.88
cardigan,green,skirt,blue,heels,white,formal,15,0.7743
polo,black,shorts,beige,loafers,yellow,business,25,0.6711
tank-top,navy,sweatpants,red,heels,navy,sport,15,0.631
tank-top,beige,jeans,burgundy,loafers,black,date,20,0.7455
sweater,navy,leggings,green,sneakers,olive,casual,5,0.8108
tank-top,burgundy,trousers,black,boots,olive,formal,20,0.6849
dress,navy,skirt,gray,oxfords,olive,party,25,0.7991
blazer,navy,jeans,blue,sandals,blue,date,30,0.5899
sweater,gray,leggings,beige,sandals,burgundy,business,15,0.6119
polo,beige,skirt,black,loafers,white,party,30,0.7449
shirt,pink,sweatpants,navy,sandals,burgundy,casual,10,0.7066
polo,white,shorts,yellow,boots,burgundy,business,10,0.5273
t-shirt,yellow,jeans,green,boots,navy,business,20,0.691
shirt,green,leggings,brown,sneakers,yellow,date,25,0.5719
blazer,pink,trousers,blue,oxfords,blue,date,30,0.5492
blouse,brown,jeans,yellow,boots,yellow,casual,25,0.6338
blazer,brown,sweatpants,navy,loafers,olive,sport,5,0.5938
sweater,black,skirt,black,oxfords,navy,formal,20,0.7271
sweater,black,jeans,yellow,loafers,blue,casual,20,0.7911
polo,red,leggings,brown,oxfords,red,sport,25,0.4955
blouse,pink,sweatpants,red,sneakers,navy,date,30,0.5524
blazer,gray,skirt,black,boots,gray,date,5,0.7415
blouse,olive,jeans,brown,boots,black,party,15,0.7562
cardigan,black,sweatpants,gray,oxfords,pink,business,20,0.5918
cardigan,red,leggings,green,sneakers,black,party,15,0.5756
tank-top,olive,sweatpants,white,loafers,olive,date,25,0.5062
polo,yellow,jeans,green,loafers,brown,sport,15,0.6096
polo,burgundy,leggings,beige,loafers,black,formal,20,0.7275
polo,pink,sweatpants,red,boots,white,formal,20,0.5674
cardigan,blue,leggings,white,oxfords,black,sport,30,0.4703
dress,pink,jeans,navy,boots,yellow,date,5,0.7301
cardigan,pink,sweatpants,burgundy,sneakers,gray,business,30,0.3552
blazer,olive,leggings,navy,sandals,red,date,10,0.6159
t-shirt,olive,jeans,gray,heels,white,casual,25,0.7785
t-shirt,white,shorts,blue,sneakers,white,business,5,0.04
blazer,olive,leggings,beige,sneakers,beige,formal,30,0.4586
sweater,olive,trousers,green,sandals,green,date,20,0.6337
sweater,gray,sweatpants,black,oxfords,olive,business,20,0.596
sweater,blue,shorts,navy,loafers,brown,casual,30,0.6743
blazer,green,leggings,white,boots,white,sport,20,0.5367
t-shirt,navy,jeans,blue,heels,pink,formal,15,0.6523
shirt,pink,sweatpants,navy,boots,beige,date,30,0.4851
blouse,beige,trousers,gray,oxfords,brown,casual,25,0.6415
blouse,black,skirt,navy,heels,gray,party,10,0.7596
blazer,yellow,shorts,beige,loafers,pink,date,30,0.5921
cardigan,burgundy,skirt,navy,heels,red,date,25,0.7059
tank-top,navy,leggings,navy,boots,brown,sport,20,0.6852
shirt,pink,leggings,beige,sneakers,white,party,5,0.5903
sweater,black,trousers,black,boots,black,sport,30,0.15
polo,navy,trousers,green,oxfords,beige,formal,20,0.8314
sweater,green,sweatpants,beige,boots,navy,casual,25,0.5323
shirt,olive,shorts,brown,boots,red,party,15,0.6522
tank-top,burgundy,sweatpants,red,heels,black,business,5,0.4548
sweater,black,skirt,navy,loafers,yellow,casual,25,0.6979
shirt,brown,skirt,white,oxfords,navy,formal,20,0.8838
cardigan,green,leggings,white,sneakers,white,date,15,0.6485
sweater,yellow,skirt,olive,heels,black,party,15,0.7391
shirt,beige,sweatpants,red,oxfords,gray,sport,5,0.5588
cardigan,black,trousers,gray,oxfords,pink,sport,30,0.3632
shirt,beige,leggings,blue,sandals,olive,sport,5,0.5895
polo,pink,leggings,olive,sneakers,black,party,25,0.4884
hoodie,olive,sweatpants,olive,sneakers,pink,sport,5,0.8076
blouse,burgundy,skirt,blue,boots,navy,casual,10,0.6702
blazer,black,trousers,gray,oxfords,black,business,5,0.94
blouse,red,jeans,red,boots,olive,casual,20,0.7664
polo,navy,shorts,blue,sandals,burgundy,sport,10,0.468
sweater,black,skirt,black,loafers,pink,sport,25,0.49
sweater,green,leggings,navy,loafers,gray,formal,25,0.4435
blazer,gray,sweatpants,green,loafers,yellow,casual,20,0.6133
tank-top,white,sweatpants,blue,sneakers,white,casual,25,0.7303
hoodie,black,jeans,black,sneakers,white,business,3,0.22
shirt,white,trousers,beige,loafers,beige,business,35,0.85
t-shirt,brown,trousers,burgundy,oxfords,burgundy,casual,25,0.6476
t-shirt,black,trousers,green,loafers,white,sport,20,0.7348
blazer,green,jeans,green,oxfords,burgundy,sport,20,0.4426
hoodie,brown,skirt,brown,loafers,beige,date,5,0.5887
blazer,burgundy,leggings,yellow,loafers,navy,sport,25,0.4929
tank-top,blue,shorts,red,loafers,brown,business,30,0.5894
cardigan,beige,shorts,red,loafers,red,party,30,0.478
tank-top,black,sweatpants,yellow,loafers,brown,date,15,0.5031
tank-top,red,leggings,green,heels,burgundy,casual,20,0.6797
sweater,gray,trousers,navy,sneakers,beige,date,5,0.7305
blazer,black,shorts,white,oxfords,black,sport,5,0.4993
tank-top,pink,jeans,green,sandals,gray,formal,25,0.498
polo,gray,trousers,blue,heels,brown,casual,25,0.5953
polo,black,leggings,navy,oxfords,red,party,5,0.5803
shirt,brown,leggings,gray,boots,blue,date,30,0.5278
blazer,burgundy,skirt,red,heels,beige,business,20,0.8118
blouse,black,leggings,black,oxfords,gray,casual,20,0.774
dress,blue,jeans,red,sneakers,pink,business,25,0.6265
blouse,black,trousers,beige,sandals,yellow,formal,25,0.7362
polo,pink,skirt,gray,loafers,olive,casual,20,0.7709
polo,beige,jeans,black,heels,yellow,formal,25,0.6524
blouse,brown,jeans,pink,sandals,brown,formal,15,0.599
shorts,white,jeans,none,sandals,white,formal,5,0.06
shirt,red,leggings,beige,oxfords,burgundy,business,30,0.5759
sweater,gray,sweatpants,pink,loafers,beige,business,5,0.6278
cardigan,brown,skirt,navy,sandals,brown,business,10,0.5385
sweater,white,shorts,red,oxfords,pink,business,25,0.5475
tank-top,pink,leggings,green,heels,blue,business,22,0.08
tank-top,green,shorts,blue,sandals,olive,formal,25,0.4905
sweater,navy,skirt,black,sneakers,beige,party,5,0.6539
blazer,navy,skirt,gray,boots,olive,formal,15,0.8125
polo,burgundy,leggings,beige,oxfords,white,sport,30,0.5662
cardigan,black,trousers,red,sandals,blue,formal,25,0.597
blouse,burgundy,jeans,brown,sneakers,blue,party,25,0.6181
hoodie,gray,sweatpants,black,sneakers,white,date,18,0.12
tank-top,blue,sweatpants,olive,oxfords,yellow,business,30,0.4626
shirt,black,trousers,yellow,oxfords,blue,sport,10,0.5105
dress,yellow,skirt,red,oxfords,green,sport,20,0.4971
sweater,yellow,leggings,olive,sneakers,red,party,30,0.4038
blazer,gray,trousers,black,boots,brown,business,3,0.91
dress,pink,jeans,blue,boots,blue,party,10,0.7162
sweater,navy,trousers,black,boots,black,business,3,0.93
cardigan,beige,sweatpants,red,sandals,white,formal,20,0.4972
dress,gray,skirt,gray,loafers,beige,sport,15,0.6088
sweater,red,jeans,brown,heels,yellow,formal,10,0.6579
polo,burgundy,skirt,brown,sandals,black,sport,25,0.6233
cardigan,yellow,sweatpants,burgundy,boots,black,sport,25,0.3862
t-shirt,green,leggings,navy,boots,navy,sport,15,0.7077
hoodie,olive,skirt,beige,sneakers,green,casual,5,0.7272
t-shirt,burgundy,sweatpants,brown,boots,green,formal,30,0.39
blouse,olive,trousers,gray,sneakers,pink,sport,15,0.6627
t-shirt,olive,leggings,red,loafers,white,casual,15,0.8372
shirt,brown,jeans,black,loafers,white,business,15,0.8557
hoodie,burgundy,jeans,red,boots,white,business,30,0.4118
hoodie,yellow,leggings,olive,sneakers,olive,casual,25,0.6057
hoodie,gray,sweatpants,burgundy,boots,gray,casual,15,0.6654
shirt,yellow,trousers,beige,oxfords,pink,formal,30,0.721
sweater,navy,leggings,yellow,loafers,red,business,25,0.4971
cardigan,red,jeans,white,sandals,gray,party,30,0.6155
hoodie,pink,skirt,yellow,boots,black,formal,30,0.4665
sweater,olive,trousers,pink,heels,green,party,5,0.7229
t-shirt,navy,trousers,olive,sandals,white,sport,20,0.6949
dress,black,leggings,beige,oxfords,pink,casual,15,0.7252
t-shirt,pink,leggings,pink,heels,yellow,party,15,0.6342
sweater,beige,sweatpants,green,heels,brown,casual,10,0.6858
hoodie,navy,trousers,blue,heels,red,business,25,0.5221
dress,pink,jeans,white,heels,beige,date,10,0.7765
shirt,olive,shorts,gray,boots,black,date,5,0.6466
t-shirt,beige,sweatpants,burgundy,oxfords,burgundy,sport,10,0.6805
shirt,yellow,shorts,beige,sneakers,blue,sport,30,0.7709
t-shirt,white,jeans,blue,sneakers,white,casual,22,0.93
blazer,gray,shorts,olive,heels,black,date,25,0.6817
cardigan,blue,jeans,red,sneakers,red,date,25,0.5246
blazer,black,leggings,black,sneakers,brown,business,25,0.5079
t-shirt,gray,shorts,burgundy,boots,burgundy,formal,20,0.5695
sweater,green,shorts,green,boots,black,party,5,0.5631
dress,white,skirt,blue,oxfords,gray,party,5,0.6957
hoodie,beige,skirt,navy,sneakers,navy,sport,20,0.7512
shirt,olive,trousers,yellow,heels,beige,formal,30,0.7718
polo,red,shorts,pink,sandals,white,formal,25,0.6149
tank-top,white,jeans,white,heels,white,sport,20,0.5749
shirt,green,trousers,burgundy,boots,burgundy,party,25,0.5186
tank-top,brown,leggings,navy,boots,black,sport,15,0.7147
blouse,yellow,leggings,burgundy,sandals,blue,date,25,0.6108
tank-top,navy,trousers,gray,sandals,brown,business,15,0.705
shirt,yellow,sweatpants,red,boots,brown,date,30,0.4359
cardigan,navy,sweatpants,beige,sneakers,white,formal,15,0.544
blouse,burgundy,leggings,yellow,boots,pink,formal,25,0.4599
blazer,beige,jeans,black,boots,navy,party,20,0.7719
t-shirt,navy,trousers,olive,sandals,beige,formal,5,0.5197
hoodie,black,sweatpants,gray,sneakers,white,formal,18,0.08
cardigan,beige,trousers,pink,boots,gray,formal,30,0.5838
hoodie,beige,sweatpants,yellow,sandals,navy,date,15,0.4769
tank-top,brown,skirt,navy,heels,olive,date,25,0.7774
tank-top,green,trousers,brown,loafers,beige,business,10,0.6495
dress,blue,sweatpants,green,oxfords,navy,formal,20,0.6266
blazer,yellow,sweatpants,olive,loafers,brown,formal,5,0.6493
tank-top,blue,leggings,brown,boots,navy,formal,15,0.4939
blouse,olive,leggings,green,heels,gray,business,15,0.7207
t-shirt,black,sweatpants,brown,heels,red,date,20,0.614
sweater,pink,leggings,navy,heels,blue,business,25,0.4552
blouse,beige,skirt,navy,sandals,pink,party,30,0.8069
tank-top,gray,jeans,gray,oxfords,red,formal,20,0.6456
blouse,white,sweatpants,blue,boots,pink,business,30,0.4803
hoodie,beige,shorts,olive,loafers,burgundy,party,30,0.4685
cardigan,olive,trousers,burgundy,sandals,olive,sport,10,0.4095
dress,white,trousers,pink,heels,gray,party,30,0.7745
sweater,black,leggings,gray,sandals,gray,formal,10,0.5526
t-shirt,olive,sweatpants,white,loafers,navy,party,30,0.5075
blazer,navy,sweatpants,olive,boots,burgundy,sport,5,0.6047
cardigan,beige,sweatpants,brown,sandals,red,party,25,0.3926
cardigan,green,sweatpants,beige,sneakers,yellow,party,25,0.363
cardigan,blue,skirt,blue,sandals,olive,business,30,0.5953
t-shirt,white,shorts,beige,sandals,white,casual,30,0.95
shirt,beige,skirt,black,sneakers,burgundy,sport,10,0.686
polo,yellow,sweatpants,pink,boots,yellow,date,15,0.5371
polo,olive,skirt,blue,heels,navy,party,10,0.7086
blazer,yellow,jeans,green,boots,black,business,25,0.5625
blazer,black,leggings,gray,sandals,brown,sport,10,0.5734
tank-top,white,shorts,gray,oxfords,black,casual,30,0.8483
shirt,yellow,sweatpants,olive,sandals,burgundy,formal,10,0.4746
shirt,yellow,shorts,olive,sandals,red,party,25,0.6131
polo,beige,skirt,white,boots,blue,business,30,0.6943
dress,green,trousers,red,boots,green,formal,20,0.7596
blazer,blue,skirt,beige,heels,black,party,10,0.7665
sweater,beige,shorts,olive,sneakers,yellow,date,15,0.5971
blazer,pink,trousers,gray,heels,green,business,10,0.8117
dress,pink,sweatpants,black,heels,green,party,10,0.6583
dress,gray,trousers,blue,sandals,burgundy,date,15,0.8089
dress,pink,skirt,burgundy,oxfords,red,date,15,0.79
dress,yellow,shorts,navy,oxfords,burgundy,date,30,0.7242
polo,gray,sweatpants,white,sandals,green,business,10,0.5107
hoodie,pink,skirt,gray,heels,beige,business,25,0.5658
tank-top,black,sweatpants,black,loafers,green,formal,15,0.4534
t-shirt,black,leggings,black,sneakers,white,sport,20,0.95
tank-top,blue,skirt,beige,heels,white,party,15,0.8494
dress,black,shorts,navy,sandals,gray,business,25,0.7059
shirt,brown,sweatpants,navy,sandals,pink,date,10,0.5027
blazer,olive,skirt,black,sneakers,black,sport,15,0.6106
dress,red,jeans,none,heels,gold,party,28,0.91
sweater,yellow,leggings,yellow,loafers,yellow,party,15,0.5093
sweater,beige,shorts,green,sandals,red,party,30,0.5379
polo,green,sweatpants,white,loafers,yellow,party,10,0.5359
sweater,brown,jeans,red,sandals,red,party,25,0.4996
sweater,red,sweatpants,black,oxfords,black,sport,5,0.6047
shirt,brown,trousers,olive,heels,brown,sport,15,0.5706
sweater,red,leggings,pink,oxfords,blue,casual,20,0.6437
dress,brown,leggings,pink,oxfords,yellow,date,25,0.6266
cardigan,brown,sweatpants,green,boots,navy,formal,25,0.372
sweater,beige,jeans,navy,boots,burgundy,sport,10,0.6753
t-shirt,gray,jeans,white,boots,black,casual,25,0.8102
tank-top,beige,leggings,brown,heels,blue,sport,30,0.6806
hoodie,brown,sweatpants,beige,loafers,green,formal,20,0.4807
sweater,red,sweatpants,brown,oxfords,burgundy,party,25,0.322
hoodie,olive,jeans,burgundy,sneakers,white,party,20,0.6057
blouse,pink,skirt,yellow,loafers,red,party,20,0.7166
tank-top,pink,shorts,olive,loafers,pink,casual,30,0.7846
sweater,yellow,sweatpants,navy,loafers,pink,sport,30,0.455
sweater,navy,sweatpants,green,heels,black,date,15,0.5914
t-shirt,olive,skirt,brown,boots,yellow,sport,30,0.6034
cardigan,white,jeans,brown,sandals,red,business,5,0.5546
sweater,burgundy,trousers,yellow,boots,navy,sport,15,0.5053
blouse,pink,shorts,blue,oxfords,olive,party,5,0.4465
t-shirt,beige,leggings,black,loafers,blue,formal,30,0.5119
t-shirt,yellow,leggings,gray,oxfords,gray,business,5,0.549
t-shirt,navy,skirt,navy,sneakers,red,business,20,0.6582
cardigan,burgundy,skirt,navy,loafers,green,party,20,0.7074
shirt,yellow,trousers,yellow,oxfords,pink,formal,5,0.8265
dress,gray,skirt,pink,boots,olive,casual,5,0.5985
hoodie,navy,trousers,burgundy,sneakers,burgundy,party,25,0.4277
blouse,beige,sweatpants,green,boots,beige,party,30,0.4668
blazer,red,leggings,white,oxfords,beige,party,15,0.6835
dress,brown,sweatpants,beige,oxfords,blue,sport,20,0.5343
cardigan,yellow,trousers,beige,loafers,black,casual,30,0.5924
t-shirt,pink,jeans,white,boots,gray,sport,5,0.644
cardigan,olive,shorts,blue,boots,pink,business,30,0.44
t-shirt,olive,shorts,burgundy,sandals,pink,sport,30,0.7836
cardigan,navy,trousers,beige,heels,white,casual,25,0.5945
dress,yellow,sweatpants,blue,loafers,brown,casual,20,0.6489
cardigan,white,leggings,blue,oxfords,navy,formal,5,0.7244
cardigan,beige,shorts,beige,heels,black,formal,30,0.6099
t-shirt,pink,shorts,green,sneakers,black,casual,15,0.8792
tank-top,green,jeans,olive,oxfords,pink,party,25,0.598
tank-top,burgundy,shorts,red,sandals,brown,formal,15,0.4577
hoodie,red,shorts,green,sneakers,blue,sport,15,0.8001
sweater,white,leggings,burgundy,sneakers,gray,business,5,0.6539
blouse,navy,sweatpants,olive,sandals,olive,date,10,0.5055
tank-top,red,skirt,pink,sneakers,brown,business,20,0.6054
blouse,black,leggings,burgundy,sandals,gray,business,10,0.6048
hoodie,black,leggings,blue,sneakers,brown,sport,30,0.6192
hoodie,burgundy,jeans,olive,loafers,yellow,sport,20,0.6368
hoodie,gray,shorts,navy,boots,white,formal,30,0.4035
hoodie,white,jeans,yellow,loafers,beige,casual,5,0.8331
blouse,blue,jeans,gray,sandals,navy,business,30,0.7282
t-shirt,beige,trousers,gray,oxfords,black,party,15,0.7449
blazer,beige,leggings,burgundy,boots,brown,formal,5,0.6871
blouse,white,trousers,navy,heels,black,date,18,0.94
hoodie,yellow,skirt,brown,oxfords,blue,sport,25,0.434
cardigan,brown,sweatpants,red,sandals,white,casual,5,0.6677
sweater,yellow,shorts,olive,sneakers,gray,casual,5,0.7076
cardigan,black,leggings,white,loafers,burgundy,formal,15,0.6987
shirt,white,skirt,burgundy,boots,olive,casual,5,0.6882
polo,red,shorts,green,boots,red,sport,30,0.5566
cardigan,blue,skirt,navy,loafers,burgundy,business,10,0.6877
t-shirt,beige,shorts,blue,loafers,navy,formal,10,0.4633
blazer,white,skirt,beige,heels,black,formal,20,0.8837
shirt,red,sweatpants,pink,sandals,brown,casual,15,0.7289
blouse,olive,shorts,brown,heels,black,date,10,0.6531
shirt,burgundy,leggings,black,boots,black,date,10,0.748
shirt,blue,skirt,black,boots,yellow,date,30,0.6423
t-shirt,brown,sweatpants,beige,sandals,beige,business,5,0.4206
blazer,navy,trousers,burgundy,sandals,green,business,10,0.7212
cardigan,beige,jeans,blue,loafers,brown,date,16,0.91
hoodie,pink,jeans,blue,sandals,black,date,15,0.5951
hoodie,blue,sweatpants,red,heels,gray,formal,10,0.5209
blazer,blue,sweatpants,black,heels,blue,formal,20,0.6346
blouse,white,skirt,yellow,boots,burgundy,sport,30,0.4609
shirt,blue,trousers,burgundy,loafers,yellow,business,15,0.8592
polo,olive,leggings,pink,loafers,olive,business,15,0.6294
tank-top,olive,leggings,gray,loafers,gray,casual,15,0.765
polo,burgundy,skirt,blue,loafers,blue,sport,10,0.5271
shirt,blue,skirt,yellow,boots,burgundy,business,20,0.7492
shirt,yellow,sweatpants,brown,sneakers,pink,casual,20,0.7887
shirt,yellow,skirt,brown,boots,red,party,5,0.6497
blouse,yellow,sweatpants,navy,sneakers,brown,sport,25,0.6144
blazer,red,jeans,yellow,boots,pink,casual,15,0.7285
dress,olive,leggings,blue,sneakers,olive,formal,20,0.5472
tank-top,gray,leggings,gray,sneakers,black,casual,30,0.8071
polo,burgundy,leggings,navy,boots,white,sport,20,0.7303
dress,gray,trousers,green,boots,navy,business,15,0.8299
cardigan,burgundy,sweatpants,burgundy,loafers,green,business,10,0.5658
cardigan,olive,leggings,beige,sandals,yellow,business,25,0.5243
sweater,burgundy,sweatpants,red,loafers,red,casual,10,0.7428
blazer,green,leggings,navy,sandals,black,date,5,0.5592
cardigan,gray,jeans,black,heels,olive,sport,5,0.4985
sweater,blue,leggings,beige,sneakers,beige,date,10,0.6861
tank-top,blue,jeans,olive,boots,pink,date,10,0.6572
blouse,green,skirt,beige,oxfords,burgundy,casual,25,0.6686
t-shirt,beige,trousers,white,heels,white,date,15,0.8001
hoodie,black,trousers,brown,heels,red,party,20,0.6285
hoodie,beige,jeans,pink,oxfords,brown,business,20,0.5915
sweater,blue,leggings,green,sandals,navy,date,5,0.5998
t-shirt,gray,shorts,brown,heels,beige,formal,20,0.6542
blazer,navy,trousers,black,heels,black,sport,25,0.05
shirt,burgundy,sweatpants,yellow,oxfords,blue,party,20,0.5398
dress,black,jeans,black,boots,brown,sport,5,0.4751
cardigan,navy,jeans,black,boots,black,casual,12,0.92
polo,white,leggings,yellow,oxfords,yellow,sport,20,0.6486
t-shirt,pink,sweatpants,burgundy,boots,white,date,10,0.5905
sweater,beige,sweatpants,black,heels,brown,sport,25,0.4269
t-shirt,pink,sweatpants,navy,loafers,blue,sport,30,0.644
tank-top,olive,trousers,black,boots,burgundy,party,25,0.6193
shirt,pink,skirt,pink,oxfords,gray,formal,20,0.8345
shirt,white,leggings,yellow,boots,brown,party,30,0.4889
blazer,white,jeans,red,heels,black,business,15,0.8662
cardigan,beige,shorts,white,boots,olive,party,15,0.6305
blazer,beige,shorts,green,heels,brown,sport,20,0.6018
hoodie,pink,sweatpants,brown,sneakers,yellow,casual,25,0.5444
blouse,olive,sweatpants,burgundy,sneakers,brown,business,30,0.48
shirt,black,shorts,blue,boots,navy,sport,20,0.6456
polo,green,leggings,yellow,boots,white,date,10,0.7127
shirt,red,skirt,pink,loafers,brown,casual,15,0.77
blouse,olive,sweatpants,green,oxfords,green,date,30,0.5278
blazer,white,leggings,yellow,oxfords,pink,business,20,0.7213
dress,yellow,skirt,black,loafers,blue,formal,20,0.7896
tank-top,pink,trousers,blue,boots,beige,date,20,0.7087
hoodie,yellow,jeans,olive,loafers,beige,formal,30,0.4463
hoodie,gray,shorts,olive,boots,burgundy,business,10,0.5082
polo,olive,jeans,brown,loafers,brown,business,30,0.6719
cardigan,black,trousers,beige,sneakers,red,sport,15,0.6789
polo,navy,trousers,red,sandals,white,date,5,0.626
shirt,brown,shorts,black,sandals,brown,date,25,0.711
hoodie,black,skirt,black,boots,olive,party,20,0.6384
tank-top,olive,trousers,burgundy,loafers,yellow,formal,30,0.6309
dress,navy,shorts,red,boots,navy,party,20,0.6842
hoodie,gray,shorts,blue,boots,brown,casual,5,0.7098
hoodie,pink,shorts,brown,sandals,brown,business,20,0.4015
blouse,yellow,jeans,beige,sandals,yellow,casual,30,0.7449
shirt,burgundy,trousers,white,heels,brown,business,20,0.845
tank-top,blue,skirt,blue,oxfords,beige,date,10,0.5955
hoodie,white,sweatpants,blue,heels,green,formal,20,0.4894
t-shirt,black,skirt,red,loafers,brown,business,20,0.7296
tank-top,yellow,shorts,white,loafers,green,formal,5,0.3471
sweater,black,skirt,black,heels,black,party,5,0.6491
shirt,navy,sweatpants,navy,oxfords,red,casual,25,0.585
polo,pink,shorts,beige,oxfords,black,party,20,0.6461
hoodie,navy,sweatpants,black,loafers,white,casual,20,0.7086
dress,green,jeans,red,boots,yellow,casual,30,0.6296
cardigan,green,jeans,white,boots,beige,date,5,0.8111
polo,burgundy,trousers,yellow,oxfords,red,business,25,0.7121
dress,white,trousers,red,loafers,olive,casual,25,0.6764
